{
  "bindings": [
    {
      "authLevel": "anonymous",
      "name": "req",
      "type": "httpTrigger",
      "direction": "in",
      "methods": [
        "get",
        "post"
      ]
    },
    {
      "type": "eventHub",
      "name": "event",
      "direction": "out",
      "eventHubName": "traineeecomeventhub",
      "path": "traineeecomeventhub",
      "EventHubConnectionAppSetting": "Endpoint=sb://traineeecomeventhub.servicebus.windows.net/;SharedAccessKeyName=RootManageSharedAccessKey;SharedAccessKey=fUW0ezKo9WGTUdSFyYW/Vfe8q7vahMTz0ajAk/Hfhks="

    }
  ]
}